Workbook

Sheet Ringkasan
A1: Rencana Jalan-Jalan Jogja — Sabtu, 3 Oktober 2026 (09.00–18.00)
A2: Profil: perempuan 24–25 th · suka tempat tenang · caffe latte · roti savory · cheesecake · + hadiah kenang-kenangan
A4: Plan (nama sheet) | B4: Hadiah kenang-kenangan | C4: Tenang | D4: Latte | E4: Roti savory | F4: Cheesecake | G4: Hadiah | H4: Skor (maks 25) | I4: Est. Biaya / Orang (Rp) | J4: Wajib booking?
A5: Membuat Perhiasan Perak | B5: Liontin/gelang perak yang KAMU buat untuknya (atau saling membuatkan), dengan grafir inisial atau tanggal '03. | C5: 4 | D5: 5 | E5: 5 | F5: 5 | G5: 5 | H5: =SUM(C5:G5) | I5: ='Membuat Perhiasan Perak'!I15 | J5: Ya — workshop perak H-3
A6: Membaca Buku | B6: Tukar buku: masing-masing memilihkan satu buku untuk yang lain di Buku Akik, lalu tulis pesan tangan di halaman pertama + selipkan pembatas buku. | C6: 5 | D6: 4 | E6: 5 | F6: 1 | G6: 4 | H6: =SUM(C6:G6) | I6: ='Membaca Buku'!I14 | J6: Tidak (opsional tur museum)
A7: Membatik Bersama | B7: Kain/saputangan batik tulis motif yang kamu rancang untuknya (misal inisial dia atau motif bunga favoritnya). | C7: 3 | D7: 5 | E7: 5 | F7: 4 | G7: 4 | H7: =SUM(C7:G7) | I7: ='Membatik Bersama'!I15 | J7: Ya — kelas batik
A8: Membuat Keramik | B8: Mug/piring kecil yang kamu buat & lukis untuknya (tulis tanggal di bawahnya). | C8: 5 | D8: 5 | E8: 5 | F8: 1 | G8: 4 | H8: =SUM(C8:G8) | I8: ='Membuat Keramik'!I14 | J8: Ya — workshop keramik
A9: Meracik Parfum | B9: Parfum yang kamu racik 'berdasarkan kesanmu tentang dia', beri nama sendiri (misal nama panggilannya + '03. | C9: 4 | D9: 5 | E9: 4 | F9: 5 | G9: 4 | H9: =SUM(C9:G9) | I9: ='Meracik Parfum'!I16 | J9: Ya — workshop parfum
A10: Candi & Senja | B10: Mini album berisi foto instax sepanjang hari + surat tulisan tangan, dirangkai & diserahkan di akhir hari. | C10: 4 | D10: 4 | E10: 4 | F10: 5 | G10: 4 | H10: =SUM(C10:G10) | I10: ='Candi & Senja'!I16 | J10: Tidak (siapkan instax)
A12: Catatan
A13: • Skor 1–5 per kriteria adalah penilaian subjektif planner (bukan data Google Maps). Skor total dihitung otomatis.
A14: • Rekomendasi utama: Plan 1 (hadiah paling tahan lama & semua preferensi terpenuhi). Cadangan: Plan 5 (paling praktis) atau Plan 2 (paling tenang).
A15: • Status Info di tiap sheet: 'Terverifikasi' = dicek dari sumber web resmi/terbaru (Sep 2026); 'Perlu cek' = dari pengetahuan umum — buka link Google Maps & cek jam buka H-1.
A16: • Biaya adalah ESTIMASI per orang (termasuk porsi transport). Edit kolom 'Est. Biaya' di tiap sheet — total & ringkasan ikut berubah.
A17: • Cuaca: awal Oktober = peralihan ke musim hujan. Bawa payung lipat; untuk plan outdoor (4 & 6) siapkan Plan B indoor.
A18: • Matahari terbenam di Jogja ±17.30 WIB — jadwal sudah disusun agar selesai sebelum 18.00.

Sheet Membuat Perhiasan Perak
A1: Plan 1 — Membuat Perhiasan Perak di Kotagede
A2: Konsep | C2: Pagi roti & latte di Tirtodipuran, jalan kaki menyusuri lorong heritage Kotagede, lalu workshop perak 3 jam bersama pengrajin. Tutup dengan basque cheesecake.
A3: Hadiah | C3: Liontin/gelang perak yang KAMU buat untuknya (atau saling membuatkan), dengan grafir inisial atau tanggal '03.10.26'. Hindari bentuk cincin kalau hubungan kalian murni pertemanan — cincin mudah dibaca sebagai sinyal romantis.
A4: Kenapa plan ini | C4: Dia suka hal yang dibuat dengan tangan & punya cerita. Hadiah paling tahan lama dari semua plan.
A6: No | B6: Mulai | C6: Selesai | D6: Durasi (menit) | E6: Aktivitas | F6: Tempat | G6: Alamat / Area | H6: Google Maps | I6: Est. Biaya / Orang (Rp) | J6: Transport dari titik sebelumnya | K6: Kenapa cocok untuk dia | L6: Tips / Catatan | M6: Status Info
A7: 1 | B7: 0.375 | C7: 0.42708333 | D7: =ROUND((C7-B7)*1440,0) | E7: Sarapan: croissant, quiche/roti savory + caffe latte | F7: Mediterranea Store & Bakery | G7: Jl. Tirtodipuran No.24, Mantrijeron | H7: Buka Maps | I7: 100000 | J7: Titik awal | K7: Bakery artisan dengan roti savory; area Tirtodipuran relatif tenang di pagi hari. | L7: Buka 08.00. Datang 09.00 masih sepi. | M7: Terverifikasi (IG resmi)
A8: 2 | B8: 0.42708333 | C8: 0.44097222 | D8: =ROUND((C8-B8)*1440,0) | E8: Perjalanan ke Kotagede | F8: — | G8: Kotagede | H8: Buka Maps | I8: 15000 | J8: Mobil/ojol ±6 km, ±20 mnt | L8: Biaya = estimasi ojol/bensin per orang. | M8: Estimasi
A9: 3 | B9: 0.44097222 | C9: 0.48958333 | D9: =ROUND((C9-B9)*1440,0) | E9: Jalan kaki heritage: Masjid Gede Mataram & lorong rumah kalang | F9: Masjid Gede Mataram Kotagede | G9: Jagalan, Banguntapan | H9: Buka Maps | I9: 0 | J9: Jalan kaki | K9: Tenang, teduh, banyak cerita sejarah — cocok untuk ngobrol panjang. | L9: Pakai pakaian sopan (area masjid & makam). | M9: Perlu cek
A10: 4 | B10: 0.48958333 | C10: 0.51736111 | D10: =ROUND((C10-B10)*1440,0) | E10: Makan siang ringan | F10: Sate Karang Kotagede | G10: Kotagede | H10: Buka Maps | I10: 45000 | J10: Jalan kaki/motor ±5 mnt | K10: Dekat lokasi workshop, tidak buang waktu. | L10: Makan secukupnya — workshop butuh fokus 3 jam. | M10: Perlu cek
A11: 5 | B11: 0.52083333 | C11: 0.64583333 | D11: =ROUND((C11-B11)*1440,0) | E11: WORKSHOP PERAK sesi siang (desain → grafir → solder → poles) | F11: Salim Silver | G11: Kotagede | H11: Buka Maps | I11: 400000 | J11: Jalan kaki/motor | K11: Hands-on dipandu pengrajin; hasilnya dibawa pulang hari itu. | L11: WAJIB booking minimal H-3. Sesi siang 12.30–15.30 (Sen–Sab). Biaya = estimasi, konfirmasi via web/WA. | M11: Terverifikasi (salimsilver.com)
A12: 6 | B12: 0.64583333 | C12: 0.66666667 | D12: =ROUND((C12-B12)*1440,0) | E12: Perjalanan ke Demangan | F12: — | G12: Gondokusuman | H12: Buka Maps | I12: 15000 | J12: Mobil/ojol ±7 km, ±25 mnt | M12: Estimasi
A13: 7 | B13: 0.66666667 | C13: 0.72916667 | D13: =ROUND((C13-B13)*1440,0) | E13: Basque burnt cheesecake + iced/hot latte. Serahkan hadiah di sini. | F13: Cosan Coffee Demangan | G13: Demangan | H13: Buka Maps | I13: 75000 | J13: — | K13: Dikenal karena cheesecake-nya; momen santai untuk menyerahkan hadiah. | L13: Sore Sabtu bisa ramai; pilih meja pojok. Cek jam buka di Maps. | M13: Sebagian terverifikasi (IG)
A14: 8 | B14: 0.72916667 | C14: 0.75 | D14: =ROUND((C14-B14)*1440,0) | E14: Penutup & antar pulang | F14: — | I14: 15000 | J14: Ojol/mobil | M14: Estimasi
D15: =SUM(D7:D14) | E15: TOTAL | I15: =SUM(I7:I14) | J15: per orang (estimasi)
A16: Baris merah muda = momen workshop/hadiah. Angka biru = estimasi yang boleh kamu ubah. Link 'Buka Maps' membuka pencarian Google Maps untuk tempat tsb.

Sheet Membaca Buku
A1: Plan 2 — Membaca Buku & Udara Sejuk Utara
A2: Konsep | C2: Roti sourdough gurih di Jakal, museum paling tenang di Jogja (Ullen Sentalu), makan siang view Merapi, lalu sore panjang membaca di toko-buku-perpustakaan Buku Akik.
A3: Hadiah | C3: Tukar buku: masing-masing memilihkan satu buku untuk yang lain di Buku Akik, lalu tulis pesan tangan di halaman pertama + selipkan pembatas buku. Murah, sangat personal, dan dia akan menemukannya lagi setiap kali membuka buku itu.
A4: Kenapa plan ini | C4: Paling 'tenang' dari semua plan. Titik lemah: tidak ada cheesecake yang terjamin di rute ini.
A6: No | B6: Mulai | C6: Selesai | D6: Durasi (menit) | E6: Aktivitas | F6: Tempat | G6: Alamat / Area | H6: Google Maps | I6: Est. Biaya / Orang (Rp) | J6: Transport dari titik sebelumnya | K6: Kenapa cocok untuk dia | L6: Tips / Catatan | M6: Status Info
A7: 1 | B7: 0.375 | C7: 0.40625 | D7: =ROUND((C7-B7)*1440,0) | E7: Beli roti soft sourdough savory (makan di tempat / bekal) | F7: Paraisa Bakehouse | G7: Jl. Kaliurang km 6,7 (masuk gang) | H7: Buka Maps | I7: 50000 | J7: Titik awal | K7: Roti savory ragi alami; suasana rumah nenek yang tenang. | L7: Buka 09.00, TUTUP SELASA (Sabtu aman). | M7: Terverifikasi (Threads/IG resmi)
A8: 2 | B8: 0.40625 | C8: 0.4375 | D8: =ROUND((C8-B8)*1440,0) | E8: Perjalanan naik ke Kaliurang | F8: — | G8: Pakem, Sleman | H8: Buka Maps | I8: 25000 | J8: Mobil ±18 km, ±45 mnt | L8: Bawa jaket tipis, Kaliurang sejuk. | M8: Estimasi
A9: 3 | B9: 0.4375 | C9: 0.5 | D9: =ROUND((C9-B9)*1440,0) | E9: Tur Museum Ullen Sentalu (Adiluhung Mataram) | F9: Museum Ullen Sentalu | G9: Jl. Boyong, Kaliurang | H9: Buka Maps | I9: 75000 | J9: — | K9: Hening, berkabut, penuh kisah surat-surat putri keraton — nyambung dengan tema 'pesan tulisan tangan'. | L9: Buka Sel–Min 08.30–16.00. Dilarang foto di dalam. Tiket Rp50–100rb. | M9: Terverifikasi (Kompas, IG resmi)
A10: 4 | B10: 0.5 | C10: 0.5625 | D10: =ROUND((C10-B10)*1440,0) | E10: Makan siang + latte dengan view Merapi | F10: Wisanggeni Coffee | G10: Palemsari, Kaliurang | H10: Buka Maps | I10: 90000 | J10: Mobil ±10 mnt | K10: Outdoor sejuk, pemandangan Merapi, tidak sepadat kafe kota. | L10: Merapi paling jelas sebelum jam 11; siang sering tertutup kabut. | M10: Sebagian terverifikasi (Liputan6)
A11: 5 | B11: 0.5625 | C11: 0.59027778 | D11: =ROUND((C11-B11)*1440,0) | E11: Turun ke Jakal km 12 | F11: — | H11: Buka Maps | I11: 20000 | J11: Mobil ±13 km, ±40 mnt | M11: Estimasi
A12: 6 | B12: 0.59027778 | C12: 0.72916667 | D12: =ROUND((C12-B12)*1440,0) | E12: Membaca, kopi, ritual tukar buku + tulis pesan | F12: Buku Akik | G12: Jl. Kaliurang km 12, Gg. Besi Raja No.60D | H12: Buka Maps | I12: 150000 | J12: — | K12: Toko buku + perpustakaan + kopi; suasananya 'waktu terasa melambat'. | L12: Jam buka 10.00–18.30/19.00. Biaya = buku ±Rp100rb + minuman. | M12: Terverifikasi (IG)
A13: 7 | B13: 0.72916667 | C13: 0.75 | D13: =ROUND((C13-B13)*1440,0) | E13: Pulang | F13: — | I13: 20000 | J13: Mobil | M13: Estimasi
D14: =SUM(D7:D13) | E14: TOTAL | I14: =SUM(I7:I13) | J14: per orang (estimasi)
A15: Baris merah muda = momen workshop/hadiah. Angka biru = estimasi yang boleh kamu ubah. Link 'Buka Maps' membuka pencarian Google Maps untuk tempat tsb.

Sheet Membatik Bersama
A1: Plan 3 — Membatik Bersama di Kawasan Keraton
A2: Konsep | C2: Sarapan roti artisan di Prawirotaman, Taman Sari pagi, makan siang di Tirtodipuran, lalu kelas batik tulis 2–3 jam. Tutup dengan cheesecake di Mangkubumi.
A3: Hadiah | C3: Kain/saputangan batik tulis motif yang kamu rancang untuknya (misal inisial dia atau motif bunga favoritnya). Karena malam & pewarnaan butuh waktu, sering diambil/dikirim belakangan — itu justru jadi 'hadiah kedua'.
A4: Kenapa plan ini | C4: Kuat di sisi budaya & aktivitas berdua. Titik lemah: Taman Sari ramai di hari Sabtu.
A6: No | B6: Mulai | C6: Selesai | D6: Durasi (menit) | E6: Aktivitas | F6: Tempat | G6: Alamat / Area | H6: Google Maps | I6: Est. Biaya / Orang (Rp) | J6: Transport dari titik sebelumnya | K6: Kenapa cocok untuk dia | L6: Tips / Catatan | M6: Status Info
A7: 1 | B7: 0.375 | C7: 0.41666667 | D7: =ROUND((C7-B7)*1440,0) | E7: Sarapan roti artisan savory + latte | F7: ViaVia Jogja (Artisan Bakery) | G7: Jl. Prawirotaman, Mergangsan | H7: Buka Maps | I7: 90000 | J7: Titik awal | K7: Punya artisan bakery sendiri; kafe santai. | L7: Cek jam buka di Maps. | M7: Sebagian terverifikasi (viaviajogja.com)
A8: 2 | B8: 0.41666667 | C8: 0.42708333 | D8: =ROUND((C8-B8)*1440,0) | E8: Perjalanan ke Taman Sari | F8: — | I8: 10000 | J8: Ojol ±3 km | M8: Estimasi
A9: 3 | B9: 0.42708333 | C9: 0.47916667 | D9: =ROUND((C9-B9)*1440,0) | E9: Taman Sari & Sumur Gumuling | F9: Taman Sari | G9: Patehan, Kraton | H9: Buka Maps | I9: 20000 | J9: — | K9: Ikonik & fotogenik. | L9: Sabtu ramai setelah jam 10 — kalau dia benar-benar anti-ramai, tukar dengan Museum Sonobudoyo. | M9: Perlu cek
A10: 4 | B10: 0.47916667 | C10: 0.53125 | D10: =ROUND((C10-B10)*1440,0) | E10: Makan siang masakan Jawa rumahan | F10: Warung Bu Ageng | G10: Jl. Tirtodipuran | H10: Buka Maps | I10: 70000 | J10: Ojol ±2 km | K10: Tenang, ala rumah Jawa. | M10: Perlu cek
A11: 5 | B11: 0.54166667 | C11: 0.66666667 | D11: =ROUND((C11-B11)*1440,0) | E11: KELAS BATIK TULIS (mencanting, mewarna) | F11: Batik Winotosastro | G11: Jl. Tirtodipuran | H11: Buka Maps | I11: 250000 | J11: Jalan kaki | K11: Studio batik lama di Tirtodipuran. Kisaran harga kelas di Jogja Rp75–300rb. | L11: BOOKING DULU. Tanyakan apakah kain bisa dibawa pulang hari itu atau dikirim. | M11: Perlu cek (nama studio dari pengetahuan umum)
A12: 6 | B12: 0.66666667 | C12: 0.68402778 | D12: =ROUND((C12-B12)*1440,0) | E12: Perjalanan ke Jl. Mangkubumi | F12: — | I12: 15000 | J12: Ojol ±4 km | M12: Estimasi
A13: 7 | B13: 0.68402778 | C13: 0.73958333 | D13: =ROUND((C13-B13)*1440,0) | E13: Cheesecake + latte | F13: Roaster and Bear | G13: Jl. P. Mangkubumi No.52 | H13: Buka Maps | I13: 90000 | J13: — | K13: Cheesecake termasuk menu yang paling direkomendasikan. | L13: Sore Sabtu ramai — minta meja area dalam/pojok. | M13: Terverifikasi (Tripadvisor, Dispar DIY)
A14: 8 | B14: 0.73958333 | C14: 0.75 | D14: =ROUND((C14-B14)*1440,0) | E14: Penutup (dekat Tugu) | F14: — | I14: 0 | M14: —
D15: =SUM(D7:D14) | E15: TOTAL | I15: =SUM(I7:I14) | J15: per orang (estimasi)
A16: Baris merah muda = momen workshop/hadiah. Angka biru = estimasi yang boleh kamu ubah. Link 'Buka Maps' membuka pencarian Google Maps untuk tempat tsb.

Sheet Membuat Keramik
A1: Plan 4 — Membuat Keramik & Hutan Pinus
A2: Konsep | C2: Sarapan bakery di kota, workshop keramik 'mindful' di Kasongan, makan siang, lalu sore tenang di hutan pinus Mangunan.
A3: Hadiah | C3: Mug/piring kecil yang kamu buat & lukis untuknya (tulis tanggal di bawahnya). Keramik yang dibentuk harus dibakar dulu → biasanya dikirim beberapa minggu kemudian. Kejutan yang datang belakangan = pengingat hari itu.
A4: Kenapa plan ini | C4: Paling 'mindful' & santai. Titik lemah: tidak ada cheesecake di rute, dan perjalanan ke Mangunan cukup jauh.
A6: No | B6: Mulai | C6: Selesai | D6: Durasi (menit) | E6: Aktivitas | F6: Tempat | G6: Alamat / Area | H6: Google Maps | I6: Est. Biaya / Orang (Rp) | J6: Transport dari titik sebelumnya | K6: Kenapa cocok untuk dia | L6: Tips / Catatan | M6: Status Info
A7: 1 | B7: 0.375 | C7: 0.41666667 | D7: =ROUND((C7-B7)*1440,0) | E7: Sarapan roti savory + latte | F7: Mediterranea Store & Bakery | G7: Jl. Tirtodipuran No.24 | H7: Buka Maps | I7: 100000 | J7: Titik awal | K7: Roti savory kuat. | M7: Terverifikasi (IG resmi)
A8: 2 | B8: 0.41666667 | C8: 0.4375 | D8: =ROUND((C8-B8)*1440,0) | E8: Perjalanan ke Kasongan | F8: — | G8: Bangunjiwo, Kasihan | H8: Buka Maps | I8: 15000 | J8: Mobil ±8 km, ±25 mnt | M8: Estimasi
A9: 3 | B9: 0.4375 | C9: 0.54166667 | D9: =ROUND((C9-B9)*1440,0) | E9: WORKSHOP KERAMIK (handbuilding / terracotta painting) | F9: Baravia Pottery & Workshop | G9: Kasongan, Bantul | H9: Buka Maps | I9: 250000 | J9: — | K9: Konsep 'mindful experience' — tenang, pelan, cocok untuk ngobrol sambil berkarya. | L9: Reservasi via WA (lihat IG @baraviapottery). Harga = estimasi. | M9: Terverifikasi (baravia.id)
A10: 4 | B10: 0.54166667 | C10: 0.59375 | D10: =ROUND((C10-B10)*1440,0) | E10: Makan siang | F10: Sate Klathak Pak Pong | G10: Jl. Imogiri Timur, Bantul | H10: Buka Maps | I10: 60000 | J10: Mobil ±10 km, ±25 mnt | K10: Kuliner khas Bantul, searah ke Mangunan. | L10: Kalau dia tidak suka kambing, ganti makan siang di sekitar Kasongan. | M10: Perlu cek
A11: 5 | B11: 0.59375 | C11: 0.625 | D11: =ROUND((C11-B11)*1440,0) | E11: Perjalanan ke Mangunan | F11: — | G11: Dlingo, Bantul | H11: Buka Maps | I11: 20000 | J11: Mobil ±15 km, ±40 mnt (jalan menanjak) | M11: Estimasi
A12: 6 | B12: 0.625 | C12: 0.69791667 | D12: =ROUND((C12-B12)*1440,0) | E12: Jalan santai & duduk di hutan pinus. Serahkan kartu 'hadiah menyusul'. | F12: Hutan Pinus Mangunan | G12: Dlingo, Bantul | H12: Buka Maps | I12: 15000 | J12: — | K12: Sejuk, sunyi, cahaya sore bagus. | L12: Tiket & parkir kecil. Waspada hujan di awal Oktober. | M12: Perlu cek
A13: 7 | B13: 0.69791667 | C13: 0.75 | D13: =ROUND((C13-B13)*1440,0) | E13: Kembali ke kota | F13: — | I13: 25000 | J13: Mobil ±25 km, ±60 mnt | L13: Waktu pulang ketat — berangkat tepat 16.45. | M13: Estimasi
D14: =SUM(D7:D13) | E14: TOTAL | I14: =SUM(I7:I13) | J14: per orang (estimasi)
A15: Baris merah muda = momen workshop/hadiah. Angka biru = estimasi yang boleh kamu ubah. Link 'Buka Maps' membuka pencarian Google Maps untuk tempat tsb.

Sheet Meracik Parfum
A1: Plan 5 — Meracik Parfum Signature & Galeri Seni
A2: Konsep | C2: Pagi di Mangkubumi saat masih sepi, workshop meracik parfum, makan siang, Museum Affandi, lalu cheesecake di Demangan.
A3: Hadiah | C3: Parfum yang kamu racik 'berdasarkan kesanmu tentang dia', beri nama sendiri (misal nama panggilannya + '03.10'). Aroma adalah pemicu memori terkuat — setiap kali dipakai, dia teringat hari ini.
A4: Kenapa plan ini | C4: Paling praktis (semua di kota, transport pendek). Titik lemah: studio parfum belum terverifikasi jam buka Sabtu.
A6: No | B6: Mulai | C6: Selesai | D6: Durasi (menit) | E6: Aktivitas | F6: Tempat | G6: Alamat / Area | H6: Google Maps | I6: Est. Biaya / Orang (Rp) | J6: Transport dari titik sebelumnya | K6: Kenapa cocok untuk dia | L6: Tips / Catatan | M6: Status Info
A7: 1 | B7: 0.375 | C7: 0.42708333 | D7: =ROUND((C7-B7)*1440,0) | E7: Sarapan roti/pastry savory + latte | F7: Roaster and Bear | G7: Jl. P. Mangkubumi No.52 | H7: Buka Maps | I7: 100000 | J7: Titik awal | K7: Pagi hari jauh lebih tenang dibanding sore. | L7: Buka 07.00. | M7: Terverifikasi (Tripadvisor)
A8: 2 | B8: 0.42708333 | C8: 0.4375 | D8: =ROUND((C8-B8)*1440,0) | E8: Perjalanan ke studio parfum (area Tugu) | F8: — | I8: 10000 | J8: Ojol / jalan kaki | M8: Estimasi
A9: 3 | B9: 0.4375 | C9: 0.52083333 | D9: =ROUND((C9-B9)*1440,0) | E9: WORKSHOP MERACIK PARFUM | F9: AICare The Label (dekat Tugu) — alternatif: Mauleen Studio / House Blend | G9: Dekat Tugu Yogyakarta | H9: Buka Maps | I9: 300000 | J9: — | K9: Hasil bisa langsung dibawa pulang. | L9: BOOKING & tanyakan slot Sabtu. Harga = estimasi. | M9: Perlu cek (hanya info web umum)
A10: 4 | B10: 0.52083333 | C10: 0.57291667 | D10: =ROUND((C10-B10)*1440,0) | E10: Makan siang | F10: Bebas di area Jetis/Kotabaru | G10: Kotabaru | H10: Buka Maps | I10: 70000 | J10: Ojol ±2 km | M10: Estimasi
A11: 5 | B11: 0.57291667 | C11: 0.58333333 | D11: =ROUND((C11-B11)*1440,0) | E11: Perjalanan ke Museum Affandi | F11: — | I11: 10000 | J11: Ojol ±4 km | M11: Estimasi
A12: 6 | B12: 0.58333333 | C12: 0.64583333 | D12: =ROUND((C12-B12)*1440,0) | E12: Museum Affandi | F12: Museum Affandi | G12: Jl. Laksda Adisucipto 167 | H12: Buka Maps | I12: 50000 | J12: — | K12: Galeri tenang di tepi Kali Gajah Wong. | L12: Konfirmasi jam buka Sabtu di Maps. | M12: Perlu cek
A13: 7 | B13: 0.64583333 | C13: 0.65625 | D13: =ROUND((C13-B13)*1440,0) | E13: Perjalanan ke Demangan | F13: — | I13: 10000 | J13: Ojol ±2 km | M13: Estimasi
A14: 8 | B14: 0.65625 | C14: 0.72916667 | D14: =ROUND((C14-B14)*1440,0) | E14: Basque cheesecake + latte. Serahkan parfum. | F14: Cosan Coffee Demangan | G14: Demangan | H14: Buka Maps | I14: 75000 | J14: — | K14: Cheesecake-nya jadi incaran. | M14: Sebagian terverifikasi (IG)
A15: 9 | B15: 0.72916667 | C15: 0.75 | D15: =ROUND((C15-B15)*1440,0) | E15: Penutup | F15: — | I15: 15000 | M15: Estimasi
D16: =SUM(D7:D15) | E16: TOTAL | I16: =SUM(I7:I15) | J16: per orang (estimasi)
A17: Baris merah muda = momen workshop/hadiah. Angka biru = estimasi yang boleh kamu ubah. Link 'Buka Maps' membuka pencarian Google Maps untuk tempat tsb.

Sheet Candi & Senja
A1: Plan 6 — Candi yang Sepi & Album Instax
A2: Konsep | C2: Brunch + cheesecake di Demangan, Candi Ijo di bukit, makan siang view Prambanan, Candi Plaosan yang jauh lebih sepi dari Prambanan, lalu merangkai album.
A3: Hadiah | C3: Mini album berisi foto instax sepanjang hari + surat tulisan tangan, dirangkai & diserahkan di akhir hari. Butuh persiapan: kamera instax + ±20 lembar film + album kecil + surat yang sudah kamu tulis dari rumah.
A4: Kenapa plan ini | C4: Paling fotogenik & tetap tenang. Titik lemah: panas & banyak di jalan (±60 km total).
A6: No | B6: Mulai | C6: Selesai | D6: Durasi (menit) | E6: Aktivitas | F6: Tempat | G6: Alamat / Area | H6: Google Maps | I6: Est. Biaya / Orang (Rp) | J6: Transport dari titik sebelumnya | K6: Kenapa cocok untuk dia | L6: Tips / Catatan | M6: Status Info
A7: 1 | B7: 0.375 | C7: 0.42708333 | D7: =ROUND((C7-B7)*1440,0) | E7: Brunch: roti + latte + cheesecake | F7: Cosan Coffee Demangan | G7: Demangan | H7: Buka Maps | I7: 90000 | J7: Titik awal | K7: Semua preferensinya kena di satu tempat. | L7: Pastikan buka jam 09.00 (cek Maps). | M7: Sebagian terverifikasi (IG)
A8: 2 | B8: 0.42708333 | C8: 0.45833333 | D8: =ROUND((C8-B8)*1440,0) | E8: Perjalanan ke Candi Ijo | F8: — | G8: Sambirejo, Prambanan | H8: Buka Maps | I8: 25000 | J8: Mobil ±20 km, ±45 mnt | M8: Estimasi
A9: 3 | B9: 0.45833333 | C9: 0.5 | D9: =ROUND((C9-B9)*1440,0) | E9: Candi Ijo (candi tertinggi di Jogja) | F9: Candi Ijo | G9: Sambirejo, Prambanan | H9: Buka Maps | I9: 10000 | J9: — | K9: Sepi, angin sepoi, view lembah. | L9: Siang panas: topi & air minum. | M9: Perlu cek
A10: 4 | B10: 0.51041667 | C10: 0.57291667 | D10: =ROUND((C10-B10)*1440,0) | E10: Makan siang view Candi Prambanan | F10: Abhayagiri Restaurant | G10: Sumberwatu, Prambanan | H10: Buka Maps | I10: 175000 | J10: Mobil ±10 mnt | K10: Tenang, elegan, pemandangan lepas. | L10: Harga menengah-atas. | M10: Perlu cek
A11: 5 | B11: 0.57291667 | C11: 0.59375 | D11: =ROUND((C11-B11)*1440,0) | E11: Perjalanan ke Candi Plaosan | F11: — | I11: 20000 | J11: Mobil ±10 km | M11: Estimasi
A12: 6 | B12: 0.59375 | C12: 0.65625 | D12: =ROUND((C12-B12)*1440,0) | E12: Candi Plaosan (Lor & Kidul) — sesi foto instax | F12: Candi Plaosan | G12: Bugisan, Prambanan, Klaten | H12: Buka Maps | I12: 10000 | J12: — | K12: Jauh lebih sepi dari Prambanan; cahaya sore cantik. | L12: Buka ±07.30/08.00–17.00. Tiket murah. | M12: Sebagian terverifikasi (sumber berbeda-beda)
A13: 7 | B13: 0.65625 | C13: 0.6875 | D13: =ROUND((C13-B13)*1440,0) | E13: Kembali ke kota | F13: — | I13: 25000 | J13: Mobil ±20 km | M13: Estimasi
A14: 8 | B14: 0.6875 | C14: 0.73958333 | D14: =ROUND((C14-B14)*1440,0) | E14: Kopi sore + merangkai album & serahkan surat | F14: Cosan Coffee Demangan (atau kafe tenang pilihanmu) | G14: Demangan | H14: Buka Maps | I14: 60000 | J14: — | K14: Menutup hari di tempat yang sama dengan pagi — 'lingkaran' yang manis. | M14: Estimasi
A15: 9 | B15: 0.73958333 | C15: 0.75 | D15: =ROUND((C15-B15)*1440,0) | E15: Penutup | F15: — | I15: 0 | M15: —
D16: =SUM(D7:D15) | E16: TOTAL | I16: =SUM(I7:I15) | J16: per orang (estimasi)
A17: Baris merah muda = momen workshop/hadiah. Angka biru = estimasi yang boleh kamu ubah. Link 'Buka Maps' membuka pencarian Google Maps untuk tempat tsb.
